{
    "mean": [
        129.5786450903815,
        118.38620808273023,
        106.270735854296
    ],
    "std": [
        72.5794670235043,
        71.90091023097342,
        74.96074127325879
    ]
}